-- phpMyAdmin SQL Dump
-- version 5.1.0
-- https://www.phpmyadmin.net/
--
-- Host: 127.0.0.1
-- Generation Time: Sep 13, 2022 at 09:44 AM
-- Server version: 10.4.18-MariaDB
-- PHP Version: 8.0.3

SET SQL_MODE = "NO_AUTO_VALUE_ON_ZERO";
START TRANSACTION;
SET time_zone = "+00:00";


/*!40101 SET @OLD_CHARACTER_SET_CLIENT=@@CHARACTER_SET_CLIENT */;
/*!40101 SET @OLD_CHARACTER_SET_RESULTS=@@CHARACTER_SET_RESULTS */;
/*!40101 SET @OLD_COLLATION_CONNECTION=@@COLLATION_CONNECTION */;
/*!40101 SET NAMES utf8mb4 */;

--
-- Database: `form_stunting_opd`
--

-- --------------------------------------------------------

--
-- Table structure for table `failed_jobs`
--

CREATE TABLE `failed_jobs` (
  `id` bigint(20) UNSIGNED NOT NULL,
  `uuid` varchar(255) COLLATE utf8mb4_unicode_ci NOT NULL,
  `connection` text COLLATE utf8mb4_unicode_ci NOT NULL,
  `queue` text COLLATE utf8mb4_unicode_ci NOT NULL,
  `payload` longtext COLLATE utf8mb4_unicode_ci NOT NULL,
  `exception` longtext COLLATE utf8mb4_unicode_ci NOT NULL,
  `failed_at` timestamp NOT NULL DEFAULT current_timestamp()
) ENGINE=InnoDB DEFAULT CHARSET=utf8mb4 COLLATE=utf8mb4_unicode_ci;

-- --------------------------------------------------------

--
-- Table structure for table `master_kecamatan`
--

CREATE TABLE `master_kecamatan` (
  `id` bigint(20) UNSIGNED NOT NULL,
  `kode_bps` int(11) NOT NULL,
  `kode_kemendagri` int(11) NOT NULL,
  `kecamatan` varchar(255) COLLATE utf8mb4_unicode_ci NOT NULL,
  `created_at` timestamp NULL DEFAULT NULL,
  `updated_at` timestamp NULL DEFAULT NULL
) ENGINE=InnoDB DEFAULT CHARSET=utf8mb4 COLLATE=utf8mb4_unicode_ci;

--
-- Dumping data for table `master_kecamatan`
--

INSERT INTO `master_kecamatan` (`id`, `kode_bps`, `kode_kemendagri`, `kecamatan`, `created_at`, `updated_at`) VALUES
(1, 3273010, 327315, 'Bandung Kulon', '2022-07-10 21:22:35', '2022-07-10 21:22:35'),
(2, 3273020, 327303, 'Babakan Ciparay', '2022-07-10 21:22:35', '2022-07-10 21:22:35'),
(3, 3273030, 327304, 'Bojongloa Kaler', '2022-07-10 21:22:35', '2022-07-10 21:22:35'),
(4, 3273040, 327317, 'Bojongloa Kidul', '2022-07-10 21:22:35', '2022-07-10 21:22:35'),
(5, 3273050, 327310, 'Astanaanyar', '2022-07-10 21:22:35', '2022-07-10 21:22:35'),
(6, 3273060, 327311, 'Regol', '2022-07-10 21:22:35', '2022-07-10 21:22:35'),
(7, 3273070, 327313, 'Lengkong', '2022-07-10 21:22:35', '2022-07-10 21:22:35'),
(8, 3273080, 327321, 'Bandung Kidul', '2022-07-10 21:22:35', '2022-07-10 21:22:35'),
(9, 3273090, 327322, 'Buahbatu', '2022-07-10 21:22:35', '2022-07-10 21:22:35'),
(10, 3273100, 327323, 'Rancasari', '2022-07-10 21:22:35', '2022-07-10 21:22:35'),
(11, 3273101, 327327, 'Gedebage', '2022-07-10 21:22:35', '2022-07-10 21:22:35'),
(12, 3273110, 327325, 'Cibiru', '2022-07-10 21:22:35', '2022-07-10 21:22:35'),
(13, 3273111, 327328, 'Panyileukan', '2022-07-10 21:22:35', '2022-07-10 21:22:35'),
(14, 3273120, 327326, 'Ujung Berung', '2022-07-10 21:22:35', '2022-07-10 21:22:35'),
(15, 3273121, 327329, 'Cinambo', '2022-07-10 21:22:35', '2022-07-10 21:22:35'),
(16, 3273130, 327324, 'Arcamanik', '2022-07-10 21:22:35', '2022-07-10 21:22:35'),
(17, 3273141, 327320, 'Antapani', '2022-07-10 21:22:35', '2022-07-10 21:22:35'),
(18, 3273142, 327330, 'Mandalajati', '2022-07-10 21:22:35', '2022-07-10 21:22:35'),
(19, 3273150, 327316, 'Kiaracondong', '2022-07-10 21:22:35', '2022-07-10 21:22:35'),
(20, 3273160, 327312, 'Batununggal', '2022-07-10 21:22:35', '2022-07-10 21:22:35'),
(21, 3273170, 327319, 'Sumur Bandung', '2022-07-10 21:22:35', '2022-07-10 21:22:35'),
(22, 3273180, 327305, 'Andir', '2022-07-10 21:22:35', '2022-07-10 21:22:35'),
(23, 3273190, 327306, 'Cicendo', '2022-07-10 21:22:35', '2022-07-10 21:22:35'),
(24, 3273200, 327309, 'Bandung Wetan', '2022-07-10 21:22:35', '2022-07-10 21:22:35'),
(25, 3273210, 327314, 'Cibeunying Kidul', '2022-07-10 21:22:35', '2022-07-10 21:22:35'),
(26, 3273220, 327318, 'Cibeunying Kaler', '2022-07-10 21:22:35', '2022-07-10 21:22:35'),
(27, 3273230, 327302, 'Coblong', '2022-07-10 21:22:35', '2022-07-10 21:22:35'),
(28, 3273240, 327307, 'Sukajadi', '2022-07-10 21:22:35', '2022-07-10 21:22:35'),
(29, 3273250, 327301, 'Sukasari', '2022-07-10 21:22:35', '2022-07-10 21:22:35'),
(30, 3273260, 327308, 'Cidadap', '2022-07-10 21:22:35', '2022-07-10 21:22:35');

-- --------------------------------------------------------

--
-- Table structure for table `master_kelurahan`
--

CREATE TABLE `master_kelurahan` (
  `id` bigint(20) UNSIGNED NOT NULL,
  `kecamatan` bigint(20) UNSIGNED NOT NULL,
  `kode_bps` bigint(20) NOT NULL,
  `kode_kemendagri` bigint(20) NOT NULL,
  `kelurahan` varchar(255) COLLATE utf8mb4_unicode_ci NOT NULL,
  `puskesmas` bigint(20) UNSIGNED NOT NULL,
  `created_at` timestamp NULL DEFAULT NULL,
  `updated_at` timestamp NULL DEFAULT NULL
) ENGINE=InnoDB DEFAULT CHARSET=utf8mb4 COLLATE=utf8mb4_unicode_ci;

--
-- Dumping data for table `master_kelurahan`
--

INSERT INTO `master_kelurahan` (`id`, `kecamatan`, `kode_bps`, `kode_kemendagri`, `kelurahan`, `puskesmas`, `created_at`, `updated_at`) VALUES
(1, 29, 3273250002, 3273011001, 'Sukarasa', 74, '2022-07-10 21:22:47', '2022-07-10 21:22:47'),
(2, 29, 3273250003, 3273011002, 'Gegerkalong', 71, '2022-07-10 21:22:47', '2022-07-10 21:22:47'),
(3, 29, 3273250004, 3273011003, 'Isola', 72, '2022-07-10 21:22:47', '2022-07-10 21:22:47'),
(4, 29, 3273250001, 3273011004, 'Sarijadi', 73, '2022-07-10 21:22:47', '2022-07-10 21:22:47'),
(5, 27, 3273230001, 3273021001, 'Cipaganti', 47, '2022-07-10 21:22:47', '2022-07-10 21:22:47'),
(6, 27, 3273230003, 3273021002, 'Lebak Gede', 49, '2022-07-10 21:22:47', '2022-07-10 21:22:47'),
(7, 27, 3273230004, 3273021003, 'Sadang Serang', 48, '2022-07-10 21:22:47', '2022-07-10 21:22:47'),
(8, 27, 3273230006, 3273021004, 'Dago', 47, '2022-07-10 21:22:47', '2022-07-10 21:22:47'),
(9, 27, 3273230005, 3273021005, 'Sekeloa', 46, '2022-07-10 21:22:47', '2022-07-10 21:22:47'),
(10, 27, 3273230002, 3273021006, 'Lebak Siliwangi', 47, '2022-07-10 21:22:47', '2022-07-10 21:22:47'),
(11, 2, 3273020004, 3273031001, 'Babakan Ciparay', 12, '2022-07-10 21:22:47', '2022-07-10 21:22:47'),
(12, 2, 3273020005, 3273031002, 'Babakan', 14, '2022-07-10 21:22:47', '2022-07-10 21:22:47'),
(13, 2, 3273020006, 3273031003, 'Sukahaji', 14, '2022-07-10 21:22:47', '2022-07-10 21:22:47'),
(14, 2, 3273020003, 3273031004, 'Margahayu Utara', 12, '2022-07-10 21:22:47', '2022-07-10 21:22:47'),
(15, 2, 3273020001, 3273031005, 'Margasuka', 13, '2022-07-10 21:22:47', '2022-07-10 21:22:47'),
(16, 2, 3273020002, 3273031006, 'Cirangrang', 13, '2022-07-10 21:22:47', '2022-07-10 21:22:47'),
(17, 3, 3273030001, 3273041001, 'Kopo', 27, '2022-07-10 21:22:47', '2022-07-10 21:22:47'),
(18, 3, 3273030004, 3273041002, 'Babakan Tarogong', 26, '2022-07-10 21:22:47', '2022-07-10 21:22:47'),
(19, 3, 3273030005, 3273041003, 'Jamika', 28, '2022-07-10 21:22:47', '2022-07-10 21:22:47'),
(20, 3, 3273030003, 3273041004, 'Babakan Asih', 26, '2022-07-10 21:22:47', '2022-07-10 21:22:47'),
(21, 3, 3273030002, 3273041005, 'Suka Asih', 27, '2022-07-10 21:22:47', '2022-07-10 21:22:47'),
(22, 22, 3273180002, 3273051001, 'Maleber', 2, '2022-07-10 21:22:47', '2022-07-10 21:22:47'),
(23, 22, 3273180004, 3273051002, 'Dungus Cariang', 2, '2022-07-10 21:22:47', '2022-07-10 21:22:47'),
(24, 22, 3273180005, 3273051003, 'Ciroyom', 1, '2022-07-10 21:22:47', '2022-07-10 21:22:47'),
(25, 22, 3273180006, 3273051004, 'Kebon Jeruk', 1, '2022-07-10 21:22:47', '2022-07-10 21:22:47'),
(26, 22, 3273180003, 3273051005, 'Garuda', 2, '2022-07-10 21:22:47', '2022-07-10 21:22:47'),
(27, 22, 3273180001, 3273051006, 'Campaka', 2, '2022-07-10 21:22:47', '2022-07-10 21:22:47'),
(28, 23, 3273190005, 3273061001, 'Husen Sastranegara', 41, '2022-07-10 21:22:47', '2022-07-10 21:22:47'),
(29, 23, 3273190001, 3273061002, 'Arjuna', 41, '2022-07-10 21:22:47', '2022-07-10 21:22:47'),
(30, 23, 3273190004, 3273061003, 'Pajajaran', 41, '2022-07-10 21:22:47', '2022-07-10 21:22:47'),
(31, 23, 3273190002, 3273061004, 'Pasirkaliki', 41, '2022-07-10 21:22:47', '2022-07-10 21:22:47'),
(32, 23, 3273190003, 3273061005, 'Pamoyanan', 41, '2022-07-10 21:22:47', '2022-07-10 21:22:47'),
(33, 23, 3273190006, 3273061006, 'Sukaraja', 42, '2022-07-10 21:22:47', '2022-07-10 21:22:47'),
(34, 28, 3273240005, 3273071001, 'Pasteur', 69, '2022-07-10 21:22:47', '2022-07-10 21:22:47'),
(35, 28, 3273240004, 3273071002, 'Cipedes', 69, '2022-07-10 21:22:47', '2022-07-10 21:22:47'),
(36, 28, 3273240001, 3273071003, 'Sukawarna', 70, '2022-07-10 21:22:47', '2022-07-10 21:22:47'),
(37, 28, 3273240002, 3273071004, 'Sukagalih', 68, '2022-07-10 21:22:47', '2022-07-10 21:22:47'),
(38, 28, 3273240003, 3273071005, 'Sukabungah', 69, '2022-07-10 21:22:47', '2022-07-10 21:22:47'),
(39, 30, 3273260001, 3273081001, 'Hegarmanah', 44, '2022-07-10 21:22:47', '2022-07-10 21:22:47'),
(40, 30, 3273260002, 3273081002, 'Ciumbuleuit', 44, '2022-07-10 21:22:47', '2022-07-10 21:22:47'),
(41, 30, 3273260003, 3273081003, 'Ledeng', 43, '2022-07-10 21:22:47', '2022-07-10 21:22:47'),
(42, 24, 3273200003, 3273091001, 'Cihapit', 21, '2022-07-10 21:22:47', '2022-07-10 21:22:47'),
(43, 24, 3273200001, 3273091002, 'Taman Sari', 22, '2022-07-10 21:22:47', '2022-07-10 21:22:47'),
(44, 24, 3273200002, 3273091003, 'Citarum', 21, '2022-07-10 21:22:47', '2022-07-10 21:22:47'),
(45, 5, 3273050001, 3273101001, 'Karasak', 11, '2022-07-10 21:22:47', '2022-07-10 21:22:47'),
(46, 5, 3273050003, 3273101002, 'Nyengseret', 8, '2022-07-10 21:22:47', '2022-07-10 21:22:47'),
(47, 5, 3273050006, 3273101003, 'Karang Anyar', 10, '2022-07-10 21:22:47', '2022-07-10 21:22:47'),
(48, 5, 3273050004, 3273101004, 'Panjunan', 9, '2022-07-10 21:22:47', '2022-07-10 21:22:47'),
(49, 5, 3273050005, 3273101005, 'Cibadak', 10, '2022-07-10 21:22:47', '2022-07-10 21:22:47'),
(50, 5, 3273050002, 3273101006, 'Pelindung Hewan', 11, '2022-07-10 21:22:47', '2022-07-10 21:22:47'),
(51, 6, 3273060004, 3273111001, 'Cigereleng', 65, '2022-07-10 21:22:47', '2022-07-10 21:22:47'),
(52, 6, 3273060003, 3273111002, 'Ancol', 66, '2022-07-10 21:22:47', '2022-07-10 21:22:47'),
(53, 6, 3273060006, 3273111003, 'Pungkur', 67, '2022-07-10 21:22:47', '2022-07-10 21:22:47'),
(54, 6, 3273060007, 3273111004, 'Balong Gede', 67, '2022-07-10 21:22:47', '2022-07-10 21:22:47'),
(55, 6, 3273060001, 3273111005, 'Ciseureuh', 65, '2022-07-10 21:22:47', '2022-07-10 21:22:47'),
(56, 6, 3273060005, 3273111006, 'Ciateul', 65, '2022-07-10 21:22:47', '2022-07-10 21:22:47'),
(57, 6, 3273060002, 3273111007, 'Pasirluyu', 66, '2022-07-10 21:22:47', '2022-07-10 21:22:47'),
(58, 20, 3273160001, 3273121001, 'Gumuruh', 24, '2022-07-10 21:22:47', '2022-07-10 21:22:47'),
(59, 20, 3273160004, 3273121002, 'Maleer', 24, '2022-07-10 21:22:47', '2022-07-10 21:22:47'),
(60, 20, 3273160005, 3273121003, 'Cibangkong', 25, '2022-07-10 21:22:47', '2022-07-10 21:22:47'),
(61, 20, 3273160007, 3273121004, 'Kacapiring', 23, '2022-07-10 21:22:47', '2022-07-10 21:22:47'),
(62, 20, 3273160008, 3273121005, 'Kebon Waru', 25, '2022-07-10 21:22:47', '2022-07-10 21:22:47'),
(63, 20, 3273160003, 3273121006, 'Kebon Gedang', 25, '2022-07-10 21:22:47', '2022-07-10 21:22:47'),
(64, 20, 3273160006, 3273121007, 'Samoja', 23, '2022-07-10 21:22:47', '2022-07-10 21:22:47'),
(65, 20, 3273160002, 3273121008, 'Binong', 24, '2022-07-10 21:22:47', '2022-07-10 21:22:47'),
(66, 7, 3273070001, 3273131001, 'Cijagra', 54, '2022-07-10 21:22:47', '2022-07-10 21:22:47'),
(67, 7, 3273070003, 3273131002, 'Lingkar Selatan', 55, '2022-07-10 21:22:47', '2022-07-10 21:22:47'),
(68, 7, 3273070005, 3273131003, 'Burangrang', 57, '2022-07-10 21:22:47', '2022-07-10 21:22:47'),
(69, 7, 3273070007, 3273131004, 'Paledang', 56, '2022-07-10 21:22:47', '2022-07-10 21:22:47'),
(70, 7, 3273070002, 3273131005, 'Turangga', 55, '2022-07-10 21:22:47', '2022-07-10 21:22:47'),
(71, 7, 3273070004, 3273131006, 'Malabar', 57, '2022-07-10 21:22:47', '2022-07-10 21:22:47'),
(72, 7, 3273070006, 3273131007, 'Cikawao', 57, '2022-07-10 21:22:47', '2022-07-10 21:22:47'),
(73, 25, 3273210004, 3273141001, 'Padasuka', 36, '2022-07-10 21:22:47', '2022-07-10 21:22:47'),
(74, 25, 3273210003, 3273141002, 'Cikutra', 36, '2022-07-10 21:22:47', '2022-07-10 21:22:47'),
(75, 25, 3273210002, 3273141003, 'Cicadas', 36, '2022-07-10 21:22:47', '2022-07-10 21:22:47'),
(76, 25, 3273210001, 3273141004, 'Sukamaju', 36, '2022-07-10 21:22:47', '2022-07-10 21:22:47'),
(77, 25, 3273210006, 3273141005, 'Sukapada', 37, '2022-07-10 21:22:47', '2022-07-10 21:22:47'),
(78, 25, 3273210005, 3273141006, 'Pasirlayung', 37, '2022-07-10 21:22:47', '2022-07-10 21:22:47'),
(79, 1, 3273010008, 3273151001, 'Cijerah', 20, '2022-07-10 21:22:47', '2022-07-10 21:22:47'),
(80, 1, 3273010007, 3273151002, 'Cibuntu', 18, '2022-07-10 21:22:47', '2022-07-10 21:22:47'),
(81, 1, 3273010006, 3273151003, 'Warung Muncang', 18, '2022-07-10 21:22:47', '2022-07-10 21:22:47'),
(82, 1, 3273010005, 3273151004, 'Caringin', 18, '2022-07-10 21:22:47', '2022-07-10 21:22:47'),
(83, 1, 3273010002, 3273151005, 'Cigondewah Kaler', 19, '2022-07-10 21:22:47', '2022-07-10 21:22:47'),
(84, 1, 3273010001, 3273151006, 'Gempol Sari', 20, '2022-07-10 21:22:47', '2022-07-10 21:22:47'),
(85, 1, 3273010004, 3273151007, 'Cigondewah Rahayu', 19, '2022-07-10 21:22:47', '2022-07-10 21:22:47'),
(86, 1, 3273010003, 3273151008, 'Cigondewah Kidul', 19, '2022-07-10 21:22:47', '2022-07-10 21:22:47'),
(87, 19, 3273150002, 3273161001, 'Sukapura', 52, '2022-07-10 21:22:47', '2022-07-10 21:22:47'),
(88, 19, 3273150003, 3273161002, 'Kebun Jayanti', 52, '2022-07-10 21:22:47', '2022-07-10 21:22:47'),
(89, 19, 3273150005, 3273161003, 'Babakan Surabaya', 53, '2022-07-10 21:22:47', '2022-07-10 21:22:47'),
(90, 19, 3273150006, 3273161004, 'Cicaheum', 53, '2022-07-10 21:22:47', '2022-07-10 21:22:47'),
(91, 19, 3273150004, 3273161005, 'Babakan Sari', 52, '2022-07-10 21:22:47', '2022-07-10 21:22:47'),
(92, 19, 3273150001, 3273161006, 'Kebon Kangkung', 52, '2022-07-10 21:22:47', '2022-07-10 21:22:47'),
(93, 4, 3273040006, 3273171001, 'Situsaeur', 31, '2022-07-10 21:22:47', '2022-07-10 21:22:47'),
(94, 4, 3273040005, 3273171002, 'Kebon Lega', 31, '2022-07-10 21:22:47', '2022-07-10 21:22:47'),
(95, 4, 3273040004, 3273171003, 'Cibaduyut', 29, '2022-07-10 21:22:47', '2022-07-10 21:22:47'),
(96, 4, 3273040003, 3273171004, 'Mekar Wangi', 30, '2022-07-10 21:22:47', '2022-07-10 21:22:47'),
(97, 4, 3273040001, 3273171005, 'Cibaduyut Kidul', 29, '2022-07-10 21:22:47', '2022-07-10 21:22:47'),
(98, 4, 3273040002, 3273171006, 'Cibaduyut Wetan', 30, '2022-07-10 21:22:47', '2022-07-10 21:22:47'),
(99, 26, 3273220001, 3273181001, 'Cihaurgeulis', 35, '2022-07-10 21:22:47', '2022-07-10 21:22:47'),
(100, 26, 3273220002, 3273181002, 'Sukaluyu', 35, '2022-07-10 21:22:47', '2022-07-10 21:22:47'),
(101, 26, 3273220003, 3273181003, 'Neglasari', 35, '2022-07-10 21:22:47', '2022-07-10 21:22:47'),
(102, 26, 3273220004, 3273181004, 'Cigadung', 34, '2022-07-10 21:22:47', '2022-07-10 21:22:47'),
(103, 21, 3273170001, 3273191001, 'Braga', 76, '2022-07-10 21:22:47', '2022-07-10 21:22:47'),
(104, 21, 3273170003, 3273191002, 'Merdeka', 76, '2022-07-10 21:22:47', '2022-07-10 21:22:47'),
(105, 21, 3273170002, 3273191003, 'Kebon Pisang', 76, '2022-07-10 21:22:47', '2022-07-10 21:22:47'),
(106, 21, 3273170004, 3273191004, 'Babakan Ciamis', 75, '2022-07-10 21:22:47', '2022-07-10 21:22:47'),
(107, 17, 3273141004, 3273201001, 'Antapani Kulon', 3, '2022-07-10 21:22:47', '2022-07-10 21:22:47'),
(108, 17, 3273141002, 3273201004, 'Antapani Tengah', 4, '2022-07-10 21:22:47', '2022-07-10 21:22:47'),
(109, 17, 3273141001, 3273201005, 'Antapani Kidul', 5, '2022-07-10 21:22:47', '2022-07-10 21:22:47'),
(110, 17, 3273141003, 3273201006, 'Antapani Wetan', 3, '2022-07-10 21:22:47', '2022-07-10 21:22:47'),
(111, 8, 3273080003, 3273211001, 'Batununggal', 15, '2022-07-10 21:22:47', '2022-07-10 21:22:47'),
(112, 8, 3273080001, 3273211002, 'Wates', 17, '2022-07-10 21:22:47', '2022-07-10 21:22:47'),
(113, 8, 3273080002, 3273211003, 'Mengger', 16, '2022-07-10 21:22:47', '2022-07-10 21:22:47'),
(114, 8, 3273080004, 3273211004, 'Kujangsari', 15, '2022-07-10 21:22:47', '2022-07-10 21:22:47'),
(115, 9, 3273090003, 3273221001, 'Sekejati', 33, '2022-07-10 21:22:47', '2022-07-10 21:22:47'),
(116, 9, 3273090002, 3273221002, 'Margasari', 32, '2022-07-10 21:22:47', '2022-07-10 21:22:47'),
(117, 9, 3273090001, 3273221003, 'Cijaura', 32, '2022-07-10 21:22:47', '2022-07-10 21:22:47'),
(118, 9, 3273090004, 3273221004, 'Jati Sari', 33, '2022-07-10 21:22:47', '2022-07-10 21:22:47'),
(119, 10, 3273100002, 3273231001, 'Cipamokolan', 63, '2022-07-10 21:22:47', '2022-07-10 21:22:47'),
(120, 10, 3273100001, 3273231002, 'Derwati', 64, '2022-07-10 21:22:47', '2022-07-10 21:22:47'),
(121, 10, 3273100005, 3273231003, 'Manjahlega', 63, '2022-07-10 21:22:47', '2022-07-10 21:22:47'),
(122, 10, 3273100006, 3273231004, 'Mekarjaya', 64, '2022-07-10 21:22:47', '2022-07-10 21:22:47'),
(123, 16, 3273130003, 3273241001, 'Sukamiskin', 6, '2022-07-10 21:22:47', '2022-07-10 21:22:47'),
(124, 16, 3273130002, 3273241002, 'Cisaranten Bina Harapan', 6, '2022-07-10 21:22:47', '2022-07-10 21:22:47'),
(125, 16, 3273130001, 3273241003, 'Cisaranten Kulon', 7, '2022-07-10 21:22:47', '2022-07-10 21:22:47'),
(126, 16, 3273130005, 3273241004, 'Cisaranten Endah', 7, '2022-07-10 21:22:47', '2022-07-10 21:22:47'),
(127, 12, 3273110005, 3273251001, 'Palasari', 40, '2022-07-10 21:22:47', '2022-07-10 21:22:47'),
(128, 12, 3273110004, 3273251002, 'Cipadung', 40, '2022-07-10 21:22:47', '2022-07-10 21:22:47'),
(129, 12, 3273110003, 3273251003, 'Pasir Biru', 38, '2022-07-10 21:22:47', '2022-07-10 21:22:47'),
(130, 12, 3273110006, 3273251004, 'Cisurupan', 39, '2022-07-10 21:22:47', '2022-07-10 21:22:47'),
(131, 14, 3273120007, 3273261003, 'Pasir Endah', 78, '2022-07-10 21:22:47', '2022-07-10 21:22:47'),
(132, 14, 3273120006, 3273261004, 'Cigending', 78, '2022-07-10 21:22:47', '2022-07-10 21:22:47'),
(133, 14, 3273120005, 3273261005, 'Pasir Wangi', 78, '2022-07-10 21:22:47', '2022-07-10 21:22:47'),
(134, 14, 3273120004, 3273261006, 'Pasirjati', 77, '2022-07-10 21:22:47', '2022-07-10 21:22:47'),
(135, 14, 3273120003, 3273261007, 'Pasanggrahan', 77, '2022-07-10 21:22:47', '2022-07-10 21:22:47'),
(136, 11, 3273101004, 3273271001, 'Cimincrang', 50, '2022-07-10 21:22:47', '2022-07-10 21:22:47'),
(137, 11, 3273101003, 3273271002, 'Cisaranten Kidul', 51, '2022-07-10 21:22:47', '2022-07-10 21:22:47'),
(138, 11, 3273101001, 3273271003, 'Rancabolang', 51, '2022-07-10 21:22:47', '2022-07-10 21:22:47'),
(139, 11, 3273101002, 3273271004, 'Rancanumpang', 50, '2022-07-10 21:22:47', '2022-07-10 21:22:47'),
(140, 13, 3273111004, 3273281001, 'Cipadung Kulon', 61, '2022-07-10 21:22:47', '2022-07-10 21:22:47'),
(141, 13, 3273111002, 3273281002, 'Cipadung Kidul', 62, '2022-07-10 21:22:47', '2022-07-10 21:22:47'),
(142, 13, 3273111003, 3273281003, 'Cipadung Wetan', 61, '2022-07-10 21:22:47', '2022-07-10 21:22:47'),
(143, 13, 3273111001, 3273281004, 'Mekar Mulya', 61, '2022-07-10 21:22:47', '2022-07-10 21:22:47'),
(144, 15, 3273121001, 3273291001, 'Cisaranten Wetan', 45, '2022-07-10 21:22:47', '2022-07-10 21:22:47'),
(145, 15, 3273121003, 3273291002, 'Pakemitan', 45, '2022-07-10 21:22:47', '2022-07-10 21:22:47'),
(146, 15, 3273121004, 3273291003, 'Sukamulya', 45, '2022-07-10 21:22:47', '2022-07-10 21:22:47'),
(147, 15, 3273121002, 3273291004, 'Babakan Penghulu', 45, '2022-07-10 21:22:47', '2022-07-10 21:22:47'),
(148, 18, 3273142001, 3273301001, 'Jatihandap', 58, '2022-07-10 21:22:47', '2022-07-10 21:22:47'),
(149, 18, 3273142002, 3273301002, 'Karang Pamulang', 59, '2022-07-10 21:22:47', '2022-07-10 21:22:47'),
(150, 18, 3273142004, 3273301003, 'Pasir Impun', 60, '2022-07-10 21:22:47', '2022-07-10 21:22:47'),
(151, 18, 3273142003, 3273301004, 'Sindang Jaya', 60, '2022-07-10 21:22:47', '2022-07-10 21:22:47');

-- --------------------------------------------------------

--
-- Table structure for table `master_puskesmas`
--

CREATE TABLE `master_puskesmas` (
  `id` bigint(20) UNSIGNED NOT NULL,
  `kecamatan` bigint(20) UNSIGNED NOT NULL,
  `puskesmas` varchar(255) COLLATE utf8mb4_unicode_ci NOT NULL,
  `created_at` timestamp NULL DEFAULT NULL,
  `updated_at` timestamp NULL DEFAULT NULL
) ENGINE=InnoDB DEFAULT CHARSET=utf8mb4 COLLATE=utf8mb4_unicode_ci;

--
-- Dumping data for table `master_puskesmas`
--

INSERT INTO `master_puskesmas` (`id`, `kecamatan`, `puskesmas`, `created_at`, `updated_at`) VALUES
(1, 22, 'Babatan', '2022-07-10 21:22:41', '2022-07-10 21:22:41'),
(2, 22, 'Garuda', '2022-07-10 21:22:41', '2022-07-10 21:22:41'),
(3, 17, 'Antapani', '2022-07-10 21:22:41', '2022-07-10 21:22:41'),
(4, 17, 'Griya Antapani', '2022-07-10 21:22:41', '2022-07-10 21:22:41'),
(5, 17, 'Jajaway', '2022-07-10 21:22:41', '2022-07-10 21:22:41'),
(6, 16, 'Arcamanik', '2022-07-10 21:22:41', '2022-07-10 21:22:41'),
(7, 16, 'Rusunawa', '2022-07-10 21:22:41', '2022-07-10 21:22:41'),
(8, 5, 'Astana Anyar', '2022-07-10 21:22:41', '2022-07-10 21:22:41'),
(9, 5, 'Lio Genteng', '2022-07-10 21:22:41', '2022-07-10 21:22:41'),
(10, 5, 'Pagarsih', '2022-07-10 21:22:41', '2022-07-10 21:22:41'),
(11, 5, 'Pelindung Hewan', '2022-07-10 21:22:41', '2022-07-10 21:22:41'),
(12, 2, 'Caringin', '2022-07-10 21:22:41', '2022-07-10 21:22:41'),
(13, 2, 'Cibolerang', '2022-07-10 21:22:41', '2022-07-10 21:22:41'),
(14, 2, 'Sukahaji', '2022-07-10 21:22:41', '2022-07-10 21:22:41'),
(15, 8, 'Kujangsari', '2022-07-10 21:22:41', '2022-07-10 21:22:41'),
(16, 8, 'Mengger', '2022-07-10 21:22:41', '2022-07-10 21:22:41'),
(17, 8, 'Pasawahan', '2022-07-10 21:22:41', '2022-07-10 21:22:41'),
(18, 1, 'Cibuntu', '2022-07-10 21:22:41', '2022-07-10 21:22:41'),
(19, 1, 'Cigondewah', '2022-07-10 21:22:41', '2022-07-10 21:22:41'),
(20, 1, 'Cijerah', '2022-07-10 21:22:41', '2022-07-10 21:22:41'),
(21, 24, 'Salam', '2022-07-10 21:22:41', '2022-07-10 21:22:41'),
(22, 24, 'Taman Sari', '2022-07-10 21:22:41', '2022-07-10 21:22:41'),
(23, 20, 'Ahmad Yani', '2022-07-10 21:22:41', '2022-07-10 21:22:41'),
(24, 20, 'Gumuruh', '2022-07-10 21:22:41', '2022-07-10 21:22:41'),
(25, 20, 'Ibrahim Adjie', '2022-07-10 21:22:41', '2022-07-10 21:22:41'),
(26, 3, 'Babakan Tarogong', '2022-07-10 21:22:41', '2022-07-10 21:22:41'),
(27, 3, 'Citarip', '2022-07-10 21:22:41', '2022-07-10 21:22:41'),
(28, 3, 'Sukapakir', '2022-07-10 21:22:41', '2022-07-10 21:22:41'),
(29, 4, 'Cibaduyut Kidul', '2022-07-10 21:22:41', '2022-07-10 21:22:41'),
(30, 4, 'Cibaduyut Wetan', '2022-07-10 21:22:41', '2022-07-10 21:22:41'),
(31, 4, 'Kopo', '2022-07-10 21:22:41', '2022-07-10 21:22:41'),
(32, 9, 'Margahayu Raya', '2022-07-10 21:22:41', '2022-07-10 21:22:41'),
(33, 9, 'Sekejati', '2022-07-10 21:22:41', '2022-07-10 21:22:41'),
(34, 26, 'Cigadung', '2022-07-10 21:22:41', '2022-07-10 21:22:41'),
(35, 26, 'Neglasari', '2022-07-10 21:22:41', '2022-07-10 21:22:41'),
(36, 25, 'Padasuka', '2022-07-10 21:22:41', '2022-07-10 21:22:41'),
(37, 25, 'Pasirlayung', '2022-07-10 21:22:41', '2022-07-10 21:22:41'),
(38, 12, 'Cibiru', '2022-07-10 21:22:41', '2022-07-10 21:22:41'),
(39, 12, 'Cilengkrang', '2022-07-10 21:22:41', '2022-07-10 21:22:41'),
(40, 12, 'Cipadung', '2022-07-10 21:22:41', '2022-07-10 21:22:41'),
(41, 23, 'Pasirkaliki', '2022-07-10 21:22:41', '2022-07-10 21:22:41'),
(42, 23, 'Sukaraja', '2022-07-10 21:22:41', '2022-07-10 21:22:41'),
(43, 30, 'Cipaku', '2022-07-10 21:22:41', '2022-07-10 21:22:41'),
(44, 30, 'Ciumbuleuit', '2022-07-10 21:22:41', '2022-07-10 21:22:41'),
(45, 15, 'Cinambo', '2022-07-10 21:22:41', '2022-07-10 21:22:41'),
(46, 27, 'Cikutra Lama', '2022-07-10 21:22:41', '2022-07-10 21:22:41'),
(47, 27, 'Dago', '2022-07-10 21:22:41', '2022-07-10 21:22:41'),
(48, 27, 'Puter', '2022-07-10 21:22:41', '2022-07-10 21:22:41'),
(49, 27, 'Sekeloa', '2022-07-10 21:22:41', '2022-07-10 21:22:41'),
(50, 11, 'Cempaka Arum', '2022-07-10 21:22:41', '2022-07-10 21:22:41'),
(51, 11, 'Riung Bandung', '2022-07-10 21:22:41', '2022-07-10 21:22:41'),
(52, 19, 'Babakan Sari', '2022-07-10 21:22:41', '2022-07-10 21:22:41'),
(53, 19, 'Babakan Surabaya', '2022-07-10 21:22:41', '2022-07-10 21:22:41'),
(54, 7, 'Cijagra Baru', '2022-07-10 21:22:41', '2022-07-10 21:22:41'),
(55, 7, 'Cijagra Lama', '2022-07-10 21:22:41', '2022-07-10 21:22:41'),
(56, 7, 'Suryalaya', '2022-07-10 21:22:41', '2022-07-10 21:22:41'),
(57, 7, 'Talaga Bodas', '2022-07-10 21:22:41', '2022-07-10 21:22:41'),
(58, 18, 'Jatihandap', '2022-07-10 21:22:41', '2022-07-10 21:22:41'),
(59, 18, 'Pamulang', '2022-07-10 21:22:41', '2022-07-10 21:22:41'),
(60, 18, 'Sindang Jaya', '2022-07-10 21:22:41', '2022-07-10 21:22:41'),
(61, 13, 'Panghegar', '2022-07-10 21:22:41', '2022-07-10 21:22:41'),
(62, 13, 'Panyileukan', '2022-07-10 21:22:41', '2022-07-10 21:22:41'),
(63, 10, 'Cipamokolan', '2022-07-10 21:22:41', '2022-07-10 21:22:41'),
(64, 10, 'Derwati', '2022-07-10 21:22:41', '2022-07-10 21:22:41'),
(65, 6, 'Moch. Ramdhan', '2022-07-10 21:22:41', '2022-07-10 21:22:41'),
(66, 6, 'Pasirluyu', '2022-07-10 21:22:41', '2022-07-10 21:22:41'),
(67, 6, 'Pasundan', '2022-07-10 21:22:41', '2022-07-10 21:22:41'),
(68, 28, 'Sukagalih', '2022-07-10 21:22:41', '2022-07-10 21:22:41'),
(69, 28, 'Sukajadi', '2022-07-10 21:22:41', '2022-07-10 21:22:41'),
(70, 28, 'Sukawarna', '2022-07-10 21:22:41', '2022-07-10 21:22:41'),
(71, 29, 'Karang Setra', '2022-07-10 21:22:41', '2022-07-10 21:22:41'),
(72, 29, 'Ledeng', '2022-07-10 21:22:41', '2022-07-10 21:22:41'),
(73, 29, 'Sarijadi', '2022-07-10 21:22:41', '2022-07-10 21:22:41'),
(74, 29, 'Sukarasa', '2022-07-10 21:22:41', '2022-07-10 21:22:41'),
(75, 21, 'Balaikota', '2022-07-10 21:22:41', '2022-07-10 21:22:41'),
(76, 21, 'Tamblong', '2022-07-10 21:22:41', '2022-07-10 21:22:41'),
(77, 14, 'Pasirjati', '2022-07-10 21:22:41', '2022-07-10 21:22:41'),
(78, 14, 'Ujung Berung Indah', '2022-07-10 21:22:41', '2022-07-10 21:22:41');

-- --------------------------------------------------------

--
-- Table structure for table `migrations`
--

CREATE TABLE `migrations` (
  `id` int(10) UNSIGNED NOT NULL,
  `migration` varchar(255) COLLATE utf8mb4_unicode_ci NOT NULL,
  `batch` int(11) NOT NULL
) ENGINE=InnoDB DEFAULT CHARSET=utf8mb4 COLLATE=utf8mb4_unicode_ci;

--
-- Dumping data for table `migrations`
--

INSERT INTO `migrations` (`id`, `migration`, `batch`) VALUES
(11, '2014_10_12_000000_create_users_table', 1),
(12, '2014_10_12_100000_create_password_resets_table', 1),
(13, '2019_08_19_000000_create_failed_jobs_table', 1),
(14, '2019_12_14_000001_create_personal_access_tokens_table', 1),
(15, '2022_06_10_005113_master_kecamatan', 1),
(16, '2022_06_10_005125_master_puskesmas', 1),
(17, '2022_06_10_005132_master_kelurahan', 1),
(18, '2022_07_26_053527_create_opd_diskominfo_table', 1),
(19, '2022_09_11_185230_create_opd_dkpp_table', 1),
(20, '2022_09_11_185321_create_opd_dpkp_table', 1);

-- --------------------------------------------------------

--
-- Table structure for table `opd_diskominfo`
--

CREATE TABLE `opd_diskominfo` (
  `id` bigint(20) UNSIGNED NOT NULL,
  `tahun` smallint(6) NOT NULL,
  `bulan` tinyint(4) NOT NULL,
  `kelurahan` bigint(20) UNSIGNED DEFAULT NULL,
  `terlaksana_kampanye_pencegahan_stunting` varchar(255) COLLATE utf8mb4_unicode_ci DEFAULT NULL,
  `keterangan_terlaksana_kampanye_pencegahan_stunting` varchar(255) COLLATE utf8mb4_unicode_ci DEFAULT NULL,
  `desa_kelurahan_melaksanakan_stbm` int(11) DEFAULT NULL,
  `publikasi_tingkat_kabupaten_kota` int(11) DEFAULT NULL,
  `terselenggara_audit_baduta_stunting` int(11) DEFAULT NULL,
  `kabupaten_kota_mengimplementasi_surveilans_gizi_elektronik` int(11) DEFAULT NULL,
  `desa_kelurahan_terbebas_babs_odf` int(11) DEFAULT NULL,
  `persentase_sasaran_pemahaman_stunting` int(11) DEFAULT NULL,
  `terpenuhi_standar_pemantauan_di_posyandu` int(11) DEFAULT NULL,
  `tersedia_bidan_desa_kelurahan` int(11) DEFAULT NULL,
  `created_at` timestamp NULL DEFAULT NULL,
  `updated_at` timestamp NULL DEFAULT NULL
) ENGINE=InnoDB DEFAULT CHARSET=utf8mb4 COLLATE=utf8mb4_unicode_ci;

-- --------------------------------------------------------

--
-- Table structure for table `opd_dkpp`
--

CREATE TABLE `opd_dkpp` (
  `id` bigint(20) UNSIGNED NOT NULL,
  `tahun` smallint(6) NOT NULL,
  `bulan` tinyint(4) NOT NULL,
  `kelurahan` bigint(20) UNSIGNED DEFAULT NULL,
  `jkbs` int(11) DEFAULT NULL,
  `jkbk` int(11) DEFAULT NULL,
  `plpp` int(11) DEFAULT NULL,
  `jkbs1` int(11) DEFAULT NULL,
  `jkbk1` int(11) DEFAULT NULL,
  `plpp1` int(11) DEFAULT NULL,
  `created_at` timestamp NULL DEFAULT NULL,
  `updated_at` timestamp NULL DEFAULT NULL
) ENGINE=InnoDB DEFAULT CHARSET=utf8mb4 COLLATE=utf8mb4_unicode_ci;

--
-- Dumping data for table `opd_dkpp`
--

INSERT INTO `opd_dkpp` (`id`, `tahun`, `bulan`, `kelurahan`, `jkbs`, `jkbk`, `plpp`, `jkbs1`, `jkbk1`, `plpp1`, `created_at`, `updated_at`) VALUES
(640, 2022, 9, 1, 1894, 1894, 100, 15, 1894, 100, '2022-09-06 01:54:27', '2022-09-11 00:57:11'),
(641, 2022, 9, 2, 2339, 2339, 100, 8, 2339, 100, '2022-09-06 01:54:27', '2022-09-11 00:57:11'),
(642, 2022, 9, 3, 1905, 1905, 100, 8, 1905, 100, '2022-09-06 01:54:27', '2022-09-11 00:57:11'),
(643, 2022, 9, 4, 3368, 3368, 100, 200, 3368, 100, '2022-09-06 01:54:27', '2022-09-11 00:57:11'),
(644, 2022, 9, 5, 1463, 1463, 100, 1, 1463, 100, '2022-09-06 01:54:27', '2022-09-11 00:57:11'),
(645, 2022, 9, 6, 1088, 1088, 100, 2, 1088, 100, '2022-09-06 01:54:27', '2022-09-11 00:57:11'),
(646, 2022, 9, 7, 3540, 3540, 100, 125, 3540, 100, '2022-09-06 01:54:27', '2022-09-11 00:57:11'),
(647, 2022, 9, 8, 4532, 4532, 100, 13, 4532, 100, '2022-09-06 01:54:27', '2022-09-11 00:57:11'),
(648, 2022, 9, 9, 3187, 3187, 100, 16, 3187, 100, '2022-09-06 01:54:27', '2022-09-11 00:57:11'),
(649, 2022, 9, 10, 479, 479, 100, 39, 479, 100, '2022-09-06 01:54:27', '2022-09-11 00:57:11'),
(650, 2022, 9, 11, 5565, 5565, 100, 16, 5565, 100, '2022-09-06 01:54:27', '2022-09-11 00:57:11'),
(651, 2022, 9, 12, 4704, 4704, 100, 16, 4704, 100, '2022-09-06 01:54:27', '2022-09-11 00:57:11'),
(652, 2022, 9, 13, 2315, 2315, 100, 0, 2315, 100, '2022-09-06 01:54:27', '2022-09-11 00:57:11'),
(653, 2022, 9, 14, 2784, 2784, 100, 9, 2784, 100, '2022-09-06 01:54:27', '2022-09-11 00:57:11'),
(654, 2022, 9, 15, 2008, 2008, 100, 26, 2008, 100, '2022-09-06 01:54:27', '2022-09-11 00:57:11'),
(655, 2022, 9, 16, 1857, 1857, 100, 25, 1857, 100, '2022-09-06 01:54:27', '2022-09-11 00:57:11'),
(656, 2022, 9, 17, 4081, 4081, 100, 5, 4081, 100, '2022-09-06 01:54:27', '2022-09-11 00:57:11'),
(657, 2022, 9, 18, 4106, 4106, 100, 7, 4106, 100, '2022-09-06 01:54:27', '2022-09-11 00:57:11'),
(658, 2022, 9, 19, 3247, 3247, 100, 7, 3247, 100, '2022-09-06 01:54:27', '2022-09-11 00:57:11'),
(659, 2022, 9, 20, 1896, 1896, 100, 42, 1896, 100, '2022-09-06 01:54:27', '2022-09-11 00:57:11'),
(660, 2022, 9, 21, 2756, 2756, 100, 11, 2756, 100, '2022-09-06 01:54:27', '2022-09-11 00:57:11'),
(661, 2022, 9, 22, 2499, 2499, 100, 2, 2499, 100, '2022-09-06 01:54:27', '2022-09-11 00:57:11'),
(662, 2022, 9, 23, 2221, 2221, 100, 22, 2221, 100, '2022-09-06 01:54:27', '2022-09-11 00:57:11'),
(663, 2022, 9, 24, 2372, 2372, 100, 8, 2372, 100, '2022-09-06 01:54:27', '2022-09-11 00:57:11'),
(664, 2022, 9, 25, 835, 835, 100, 9, 835, 100, '2022-09-06 01:54:27', '2022-09-11 00:57:11'),
(665, 2022, 9, 26, 1323, 1323, 100, 6, 1323, 100, '2022-09-06 01:54:27', '2022-09-11 00:57:11'),
(666, 2022, 9, 27, 2549, 2549, 100, 36, 2549, 100, '2022-09-06 01:54:27', '2022-09-11 00:57:11'),
(667, 2022, 9, 28, 2153, 2153, 100, 103, 2153, 100, '2022-09-06 01:54:27', '2022-09-11 00:57:11'),
(668, 2022, 9, 29, 1286, 1286, 100, 18, 1286, 100, '2022-09-06 01:54:27', '2022-09-11 00:57:11'),
(669, 2022, 9, 30, 3556, 3556, 100, 60, 3556, 100, '2022-09-06 01:54:27', '2022-09-11 00:57:11'),
(670, 2022, 9, 31, 928, 928, 100, 45, 928, 100, '2022-09-06 01:54:27', '2022-09-11 00:57:11'),
(671, 2022, 9, 32, 631, 631, 100, 20, 631, 100, '2022-09-06 01:54:27', '2022-09-11 00:57:11'),
(672, 2022, 9, 33, 2108, 2108, 100, 30, 2108, 100, '2022-09-06 01:54:27', '2022-09-11 00:57:11'),
(673, 2022, 9, 34, 1982, 1982, 100, 22, 1982, 100, '2022-09-06 01:54:27', '2022-09-11 00:57:11'),
(674, 2022, 9, 35, 3650, 3650, 100, 7, 3650, 100, '2022-09-06 01:54:27', '2022-09-11 00:57:11'),
(675, 2022, 9, 36, 1703, 1703, 100, 168, 1703, 100, '2022-09-06 01:54:27', '2022-09-11 00:57:11'),
(676, 2022, 9, 37, 2127, 2127, 100, 16, 2127, 100, '2022-09-06 01:54:27', '2022-09-11 00:57:11'),
(677, 2022, 9, 38, 2670, 2670, 100, 8, 2670, 100, '2022-09-06 01:54:27', '2022-09-11 00:57:11'),
(678, 2022, 9, 39, 2676, 2676, 100, 37, 2676, 100, '2022-09-06 01:54:27', '2022-09-11 00:57:11'),
(679, 2022, 9, 40, 3856, 3856, 100, 9, 3856, 100, '2022-09-06 01:54:27', '2022-09-11 00:57:11'),
(680, 2022, 9, 41, 1356, 1356, 100, 30, 1356, 100, '2022-09-06 01:54:27', '2022-09-11 00:57:11'),
(681, 2022, 9, 42, 271, 271, 100, 30, 271, 100, '2022-09-06 01:54:27', '2022-09-11 00:57:11'),
(682, 2022, 9, 43, 2403, 2403, 100, 27, 2403, 100, '2022-09-06 01:54:27', '2022-09-11 00:57:11'),
(683, 2022, 9, 44, 190, 190, 100, 7, 190, 100, '2022-09-06 01:54:27', '2022-09-11 00:57:11'),
(684, 2022, 9, 45, 2368, 2368, 100, 26, 2368, 100, '2022-09-06 01:54:27', '2022-09-11 00:57:11'),
(685, 2022, 9, 46, 1230, 1230, 100, 25, 1230, 100, '2022-09-06 01:54:27', '2022-09-11 00:57:11'),
(686, 2022, 9, 47, 460, 460, 100, 0, 460, 100, '2022-09-06 01:54:27', '2022-09-11 00:57:11'),
(687, 2022, 9, 48, 853, 853, 100, 15, 853, 100, '2022-09-06 01:54:27', '2022-09-11 00:57:11'),
(688, 2022, 9, 49, 1244, 1244, 100, 20, 1244, 100, '2022-09-06 01:54:27', '2022-09-11 00:57:11'),
(689, 2022, 9, 50, 1563, 1563, 100, 15, 1563, 100, '2022-09-06 01:54:27', '2022-09-11 00:57:11'),
(690, 2022, 9, 51, 1181, 1181, 100, 11, 1181, 100, '2022-09-06 01:54:27', '2022-09-11 00:57:11'),
(691, 2022, 9, 52, 1309, 1309, 100, 30, 1309, 100, '2022-09-06 01:54:27', '2022-09-11 00:57:11'),
(692, 2022, 9, 53, 680, 680, 100, 10, 680, 100, '2022-09-06 01:54:27', '2022-09-11 00:57:11'),
(693, 2022, 9, 54, 723, 723, 100, 13, 723, 100, '2022-09-06 01:54:27', '2022-09-11 00:57:11'),
(694, 2022, 9, 55, 2054, 2054, 100, 52, 2054, 100, '2022-09-06 01:54:27', '2022-09-11 00:57:11'),
(695, 2022, 9, 56, 616, 616, 100, 15, 616, 100, '2022-09-06 01:54:27', '2022-09-11 00:57:11'),
(696, 2022, 9, 57, 2047, 2047, 100, 9, 2047, 100, '2022-09-06 01:54:27', '2022-09-11 00:57:11'),
(697, 2022, 9, 58, 2370, 2370, 100, 2, 2370, 100, '2022-09-06 01:54:27', '2022-09-11 00:57:11'),
(698, 2022, 9, 59, 2215, 2215, 100, 0, 2215, 100, '2022-09-06 01:54:27', '2022-09-11 00:57:11'),
(699, 2022, 9, 60, 2347, 2347, 100, 12, 2347, 100, '2022-09-06 01:54:27', '2022-09-11 00:57:11'),
(700, 2022, 9, 61, 993, 993, 100, 31, 993, 100, '2022-09-06 01:54:27', '2022-09-11 00:57:11'),
(701, 2022, 9, 62, 1705, 1705, 100, 0, 1705, 100, '2022-09-06 01:54:27', '2022-09-11 00:57:11'),
(702, 2022, 9, 63, 1265, 1265, 100, 12, 1265, 100, '2022-09-06 01:54:27', '2022-09-11 00:57:11'),
(703, 2022, 9, 64, 1719, 1719, 100, 2, 1719, 100, '2022-09-06 01:54:27', '2022-09-11 00:57:11'),
(704, 2022, 9, 65, 2602, 2602, 100, 12, 2602, 100, '2022-09-06 01:54:27', '2022-09-11 00:57:11'),
(705, 2022, 9, 66, 1103, 1103, 100, 21, 1103, 100, '2022-09-06 01:54:27', '2022-09-11 00:57:11'),
(706, 2022, 9, 67, 1323, 1323, 100, 34, 1323, 100, '2022-09-06 01:54:27', '2022-09-11 00:57:11'),
(707, 2022, 9, 68, 1023, 1023, 100, 31, 1023, 100, '2022-09-06 01:54:27', '2022-09-11 00:57:11'),
(708, 2022, 9, 69, 592, 592, 100, 11, 592, 100, '2022-09-06 01:54:27', '2022-09-11 00:57:11'),
(709, 2022, 9, 70, 1181, 1181, 100, 32, 1181, 100, '2022-09-06 01:54:27', '2022-09-11 00:57:11'),
(710, 2022, 9, 71, 969, 969, 100, 0, 969, 100, '2022-09-06 01:54:27', '2022-09-11 00:57:11'),
(711, 2022, 9, 72, 833, 833, 100, 17, 833, 100, '2022-09-06 01:54:27', '2022-09-11 00:57:11'),
(712, 2022, 9, 73, 1948, 1948, 100, 2, 1948, 100, '2022-09-06 01:54:27', '2022-09-11 00:57:11'),
(713, 2022, 9, 74, 2434, 2434, 100, 17, 2434, 100, '2022-09-06 01:54:27', '2022-09-11 00:57:11'),
(714, 2022, 9, 75, 2028, 2028, 100, 42, 2028, 100, '2022-09-06 01:54:27', '2022-09-11 00:57:11'),
(715, 2022, 9, 76, 977, 977, 100, 8, 977, 100, '2022-09-06 01:54:27', '2022-09-11 00:57:11'),
(716, 2022, 9, 77, 2933, 2933, 100, 15, 2933, 100, '2022-09-06 01:54:27', '2022-09-11 00:57:11'),
(717, 2022, 9, 78, 2597, 2597, 100, 6, 2597, 100, '2022-09-06 01:54:27', '2022-09-11 00:57:11'),
(718, 2022, 9, 79, 3631, 3631, 100, 70, 3631, 100, '2022-09-06 01:54:27', '2022-09-11 00:57:11'),
(719, 2022, 9, 80, 2371, 2371, 100, 16, 2371, 100, '2022-09-06 01:54:27', '2022-09-11 00:57:11'),
(720, 2022, 9, 81, 3032, 3032, 100, 0, 3032, 100, '2022-09-06 01:54:27', '2022-09-11 00:57:11'),
(721, 2022, 9, 82, 1215, 1215, 100, 0, 1215, 100, '2022-09-06 01:54:27', '2022-09-11 00:57:11'),
(722, 2022, 9, 83, 3654, 3654, 100, 14, 3654, 100, '2022-09-06 01:54:27', '2022-09-11 00:57:11'),
(723, 2022, 9, 84, 2696, 2696, 100, 16, 2696, 100, '2022-09-06 01:54:27', '2022-09-11 00:57:11'),
(724, 2022, 9, 85, 1817, 1817, 100, 0, 1817, 100, '2022-09-06 01:54:27', '2022-09-11 00:57:11'),
(725, 2022, 9, 86, 1628, 1628, 100, 0, 1628, 100, '2022-09-06 01:54:27', '2022-09-11 00:57:11'),
(726, 2022, 9, 87, 3898, 3898, 100, 332, 3898, 100, '2022-09-06 01:54:27', '2022-09-11 00:57:11'),
(727, 2022, 9, 88, 1892, 1892, 100, 15, 1892, 100, '2022-09-06 01:54:27', '2022-09-11 00:57:11'),
(728, 2022, 9, 89, 2773, 2773, 100, 23, 2773, 100, '2022-09-06 01:54:27', '2022-09-11 00:57:11'),
(729, 2022, 9, 90, 2247, 2247, 100, 25, 2247, 100, '2022-09-06 01:54:27', '2022-09-11 00:57:11'),
(730, 2022, 9, 91, 4801, 4801, 100, 15, 4801, 100, '2022-09-06 01:54:27', '2022-09-11 00:57:11'),
(731, 2022, 9, 92, 1527, 1527, 100, 23, 1527, 100, '2022-09-06 01:54:27', '2022-09-11 00:57:11'),
(732, 2022, 9, 93, 2643, 2643, 100, 52, 2643, 100, '2022-09-06 01:54:27', '2022-09-11 00:57:11'),
(733, 2022, 9, 94, 3068, 3068, 100, 48, 3068, 100, '2022-09-06 01:54:27', '2022-09-11 00:57:11'),
(734, 2022, 9, 95, 1758, 1758, 100, 92, 1758, 100, '2022-09-06 01:54:27', '2022-09-11 00:57:11'),
(735, 2022, 9, 96, 1620, 1620, 100, 72, 1620, 100, '2022-09-06 01:54:27', '2022-09-11 00:57:11'),
(736, 2022, 9, 97, 1489, 1489, 100, 234, 1489, 100, '2022-09-06 01:54:27', '2022-09-11 00:57:11'),
(737, 2022, 9, 98, 904, 904, 100, 72, 904, 100, '2022-09-06 01:54:27', '2022-09-11 00:57:11'),
(738, 2022, 9, 99, 1375, 1375, 100, 100, 1375, 100, '2022-09-06 01:54:27', '2022-09-11 00:57:11'),
(739, 2022, 9, 100, 1674, 1674, 100, 24, 1674, 100, '2022-09-06 01:54:27', '2022-09-11 00:57:11'),
(740, 2022, 9, 101, 1276, 1276, 100, 109, 1276, 100, '2022-09-06 01:54:27', '2022-09-11 00:57:11'),
(741, 2022, 9, 102, 4130, 4130, 100, 9, 4130, 100, '2022-09-06 01:54:27', '2022-09-11 00:57:11'),
(742, 2022, 9, 103, 580, 580, 100, 5, 580, 100, '2022-09-06 01:54:27', '2022-09-11 00:57:11'),
(743, 2022, 9, 104, 1062, 1062, 100, 21, 1062, 100, '2022-09-06 01:54:27', '2022-09-11 00:57:11'),
(744, 2022, 9, 105, 1297, 1297, 100, 28, 1297, 100, '2022-09-06 01:54:27', '2022-09-11 00:57:11'),
(745, 2022, 9, 106, 913, 913, 100, 0, 913, 100, '2022-09-06 01:54:27', '2022-09-11 00:57:11'),
(746, 2022, 9, 107, 1497, 1497, 100, 28, 1497, 100, '2022-09-06 01:54:27', '2022-09-11 00:57:11'),
(747, 2022, 9, 108, 3011, 3011, 100, 43, 3011, 100, '2022-09-06 01:54:27', '2022-09-11 00:57:11'),
(748, 2022, 9, 109, 3053, 3053, 100, 60, 3053, 100, '2022-09-06 01:54:27', '2022-09-11 00:57:11'),
(749, 2022, 9, 110, 2712, 2712, 100, 102, 2712, 100, '2022-09-06 01:54:27', '2022-09-11 00:57:11'),
(750, 2022, 9, 111, 2035, 2035, 100, 109, 2035, 100, '2022-09-06 01:54:27', '2022-09-11 00:57:11'),
(751, 2022, 9, 112, 1153, 1153, 100, 34, 1153, 100, '2022-09-06 01:54:27', '2022-09-11 00:57:11'),
(752, 2022, 9, 113, 1596, 1596, 100, 21, 1596, 100, '2022-09-06 01:54:27', '2022-09-11 00:57:11'),
(753, 2022, 9, 114, 3080, 3080, 100, 121, 3080, 100, '2022-09-06 01:54:27', '2022-09-11 00:57:11'),
(754, 2022, 9, 115, 3298, 3298, 100, 10, 3298, 100, '2022-09-06 01:54:27', '2022-09-11 00:57:11'),
(755, 2022, 9, 116, 5973, 5973, 100, 8, 5973, 100, '2022-09-06 01:54:27', '2022-09-11 00:57:11'),
(756, 2022, 9, 117, 3825, 3825, 100, 39, 3825, 100, '2022-09-06 01:54:27', '2022-09-11 00:57:11'),
(757, 2022, 9, 118, 1029, 1029, 100, 32, 1029, 100, '2022-09-06 01:54:27', '2022-09-11 00:57:11'),
(758, 2022, 9, 119, 3634, 3634, 100, 20, 3634, 100, '2022-09-06 01:54:27', '2022-09-11 00:57:11'),
(759, 2022, 9, 120, 3094, 3094, 100, 42, 3094, 100, '2022-09-06 01:54:27', '2022-09-11 00:57:11'),
(760, 2022, 9, 121, 2796, 2796, 100, 8, 2796, 100, '2022-09-06 01:54:27', '2022-09-11 00:57:11'),
(761, 2022, 9, 122, 3345, 3345, 100, 20, 3345, 100, '2022-09-06 01:54:27', '2022-09-11 00:57:11'),
(762, 2022, 9, 123, 2811, 2811, 100, 202, 2811, 100, '2022-09-06 01:54:27', '2022-09-11 00:57:11'),
(763, 2022, 9, 124, 1859, 1859, 100, 147, 1859, 100, '2022-09-06 01:54:27', '2022-09-11 00:57:11'),
(764, 2022, 9, 125, 3996, 3996, 100, 153, 3996, 100, '2022-09-06 01:54:27', '2022-09-11 00:57:11'),
(765, 2022, 9, 126, 3195, 3195, 100, 139, 3195, 100, '2022-09-06 01:54:27', '2022-09-11 00:57:11'),
(766, 2022, 9, 127, 3582, 3582, 100, 61, 3582, 100, '2022-09-06 01:54:27', '2022-09-11 00:57:11'),
(767, 2022, 9, 128, 3441, 3441, 100, 10, 3441, 100, '2022-09-06 01:54:27', '2022-09-11 00:57:11'),
(768, 2022, 9, 129, 2681, 2681, 100, 0, 2681, 100, '2022-09-06 01:54:27', '2022-09-11 00:57:11'),
(769, 2022, 9, 130, 2378, 2378, 100, 0, 2378, 100, '2022-09-06 01:54:27', '2022-09-11 00:57:11'),
(770, 2022, 9, 131, 2379, 2379, 100, 10, 2379, 100, '2022-09-06 01:54:27', '2022-09-11 00:57:11'),
(771, 2022, 9, 132, 2100, 2100, 100, 10, 2100, 100, '2022-09-06 01:54:27', '2022-09-11 00:57:11'),
(772, 2022, 9, 133, 3158, 3158, 100, 10, 3158, 100, '2022-09-06 01:54:27', '2022-09-11 00:57:11'),
(773, 2022, 9, 134, 2917, 2917, 100, 160, 2917, 100, '2022-09-06 01:54:27', '2022-09-11 00:57:11'),
(774, 2022, 9, 135, 3232, 3232, 100, 15, 3232, 100, '2022-09-06 01:54:27', '2022-09-11 00:57:11'),
(775, 2022, 9, 136, 885, 885, 100, 189, 885, 100, '2022-09-06 01:54:27', '2022-09-11 00:57:11'),
(776, 2022, 9, 137, 2769, 2769, 100, 512, 2769, 100, '2022-09-06 01:54:27', '2022-09-11 00:57:11'),
(777, 2022, 9, 138, 1976, 1976, 100, 140, 1976, 100, '2022-09-06 01:54:27', '2022-09-11 00:57:11'),
(778, 2022, 9, 139, 787, 787, 100, 0, 787, 100, '2022-09-06 01:54:27', '2022-09-11 00:57:11'),
(779, 2022, 9, 140, 2105, 2105, 100, 19, 2105, 100, '2022-09-06 01:54:27', '2022-09-11 00:57:11'),
(780, 2022, 9, 141, 1772, 1772, 100, 33, 1772, 100, '2022-09-06 01:54:27', '2022-09-11 00:57:11'),
(781, 2022, 9, 142, 615, 615, 100, 102, 615, 100, '2022-09-06 01:54:27', '2022-09-11 00:57:11'),
(782, 2022, 9, 143, 940, 940, 100, 19, 940, 100, '2022-09-06 01:54:27', '2022-09-11 00:57:11'),
(783, 2022, 9, 144, 1147, 1147, 100, 23, 1147, 100, '2022-09-06 01:54:27', '2022-09-11 00:57:11'),
(784, 2022, 9, 145, 1080, 1080, 100, 122, 1080, 100, '2022-09-06 01:54:27', '2022-09-11 00:57:11'),
(785, 2022, 9, 146, 879, 879, 100, 12, 879, 100, '2022-09-06 01:54:27', '2022-09-11 00:57:11'),
(786, 2022, 9, 147, 1329, 1329, 100, 16, 1329, 100, '2022-09-06 01:54:27', '2022-09-11 00:57:11'),
(787, 2022, 9, 148, 4299, 4299, 100, 80, 4299, 100, '2022-09-06 01:54:27', '2022-09-11 00:57:11'),
(788, 2022, 9, 149, 2415, 2415, 100, 60, 2415, 100, '2022-09-06 01:54:27', '2022-09-11 00:57:11'),
(789, 2022, 9, 150, 2127, 2127, 100, 103, 2127, 100, '2022-09-06 01:54:27', '2022-09-11 00:57:11'),
(790, 2022, 9, 151, 2411, 2411, 100, 53, 2411, 100, '2022-09-06 01:54:27', '2022-09-11 00:57:11');

-- --------------------------------------------------------

--
-- Table structure for table `opd_dpkp`
--

CREATE TABLE `opd_dpkp` (
  `id` bigint(20) UNSIGNED NOT NULL,
  `tahun` smallint(6) NOT NULL,
  `bulan` tinyint(4) NOT NULL,
  `kelurahan` bigint(20) UNSIGNED DEFAULT NULL,
  `jrt` int(11) DEFAULT NULL,
  `jkr` int(11) DEFAULT NULL,
  `paa` int(11) DEFAULT NULL,
  `jrt1` int(11) DEFAULT NULL,
  `jkr1` int(11) DEFAULT NULL,
  `paa1` int(11) DEFAULT NULL,
  `created_at` timestamp NULL DEFAULT NULL,
  `updated_at` timestamp NULL DEFAULT NULL
) ENGINE=InnoDB DEFAULT CHARSET=utf8mb4 COLLATE=utf8mb4_unicode_ci;

--
-- Dumping data for table `opd_dpkp`
--

INSERT INTO `opd_dpkp` (`id`, `tahun`, `bulan`, `kelurahan`, `jrt`, `jkr`, `paa`, `jrt1`, `jkr1`, `paa1`, `created_at`, `updated_at`) VALUES
(1, 2022, 9, 151, 0, 0, 0, 1605, 4346, 100, '2022-09-06 23:11:18', '2022-09-11 01:14:49'),
(8, 2022, 9, 2, 0, 0, 0, 4000, 7762, 100, '2022-09-06 23:11:18', '2022-09-11 01:14:49'),
(9, 2022, 9, 3, 0, 0, 0, 3309, 4436, 100, '2022-09-06 23:11:18', '2022-09-11 01:14:49'),
(10, 2022, 9, 4, 0, 0, 0, 4933, 8967, 100, '2022-09-06 23:11:18', '2022-09-11 01:14:49'),
(11, 2022, 9, 5, 0, 0, 0, 1138, 3978, 100, '2022-09-06 23:11:18', '2022-09-11 01:14:49'),
(12, 2022, 9, 6, 0, 0, 0, 989, 3768, 100, '2022-09-06 23:11:18', '2022-09-11 01:14:49'),
(13, 2022, 9, 7, 0, 0, 0, 779, 8679, 100, '2022-09-06 23:11:18', '2022-09-11 01:14:49'),
(14, 2022, 9, 8, 0, 0, 0, 2780, 11381, 100, '2022-09-06 23:11:18', '2022-09-11 01:14:49'),
(15, 2022, 9, 9, 0, 0, 0, 6222, 8898, 100, '2022-09-06 23:11:18', '2022-09-11 01:14:49'),
(16, 2022, 9, 10, 0, 0, 0, 579, 1372, 100, '2022-09-06 23:11:18', '2022-09-11 01:14:49'),
(17, 2022, 9, 11, 0, 0, 0, 544, 10538, 100, '2022-09-06 23:11:18', '2022-09-11 01:14:49'),
(18, 2022, 9, 12, 0, 0, 0, 2683, 9530, 100, '2022-09-06 23:11:18', '2022-09-11 01:14:49'),
(19, 2022, 9, 13, 0, 0, 0, 2156, 9742, 100, '2022-09-06 23:11:18', '2022-09-11 01:14:49'),
(20, 2022, 9, 14, 0, 0, 0, 1003, 7141, 100, '2022-09-06 23:11:18', '2022-09-11 01:14:49'),
(21, 2022, 9, 15, 0, 0, 0, 1145, 3782, 100, '2022-09-06 23:11:18', '2022-09-11 01:14:49'),
(22, 2022, 9, 16, 0, 0, 0, 880, 3632, 100, '2022-09-06 23:11:18', '2022-09-11 01:14:49'),
(23, 2022, 9, 17, 0, 0, 0, 1637, 9740, 100, '2022-09-06 23:11:18', '2022-09-11 01:14:49'),
(24, 2022, 9, 18, 0, 0, 0, 2291, 9122, 100, '2022-09-06 23:11:18', '2022-09-11 01:14:49'),
(25, 2022, 9, 19, 0, 0, 0, 2424, 9031, 100, '2022-09-06 23:11:18', '2022-09-11 01:14:49'),
(26, 2022, 9, 20, 0, 0, 0, 743, 5216, 100, '2022-09-06 23:11:18', '2022-09-11 01:14:49'),
(27, 2022, 9, 21, 0, 0, 0, 2320, 6111, 100, '2022-09-06 23:11:18', '2022-09-11 01:14:49'),
(28, 2022, 9, 22, 0, 0, 0, 2468, 6626, 100, '2022-09-06 23:11:18', '2022-09-11 01:14:49'),
(29, 2022, 9, 23, 0, 0, 0, 1992, 6199, 100, '2022-09-06 23:11:18', '2022-09-11 01:14:49'),
(30, 2022, 9, 24, 0, 0, 0, 4003, 6457, 100, '2022-09-06 23:11:18', '2022-09-11 01:14:49'),
(31, 2022, 9, 25, 0, 0, 0, 3101, 4165, 100, '2022-09-06 23:11:18', '2022-09-11 01:14:49'),
(32, 2022, 9, 26, 0, 0, 0, 2473, 3518, 100, '2022-09-06 23:11:18', '2022-09-11 01:14:49'),
(33, 2022, 9, 27, 0, 0, 0, 1554, 5908, 100, '2022-09-06 23:11:18', '2022-09-11 01:14:49'),
(34, 2022, 9, 28, 0, 0, 0, 2529, 5247, 100, '2022-09-06 23:11:18', '2022-09-11 01:14:49'),
(35, 2022, 9, 29, 0, 0, 0, 2267, 4530, 100, '2022-09-06 23:11:18', '2022-09-11 01:14:49'),
(36, 2022, 9, 30, 0, 0, 0, 2566, 8344, 100, '2022-09-06 23:11:18', '2022-09-11 01:14:49'),
(37, 2022, 9, 31, 0, 0, 0, 1761, 3187, 100, '2022-09-06 23:11:18', '2022-09-11 01:14:49'),
(38, 2022, 9, 32, 0, 0, 0, 1143, 2805, 100, '2022-09-06 23:11:18', '2022-09-11 01:14:49'),
(39, 2022, 9, 33, 0, 0, 0, 3109, 7522, 100, '2022-09-06 23:11:18', '2022-09-11 01:14:49'),
(40, 2022, 9, 34, 0, 0, 0, 800, 6070, 100, '2022-09-06 23:11:18', '2022-09-11 01:14:49'),
(41, 2022, 9, 35, 0, 0, 0, 570, 9545, 100, '2022-09-06 23:11:18', '2022-09-11 01:14:49'),
(42, 2022, 9, 36, 0, 0, 0, 759, 4569, 100, '2022-09-06 23:11:18', '2022-09-11 01:14:49'),
(43, 2022, 9, 37, 0, 0, 0, 795, 5996, 100, '2022-09-06 23:11:18', '2022-09-11 01:14:49'),
(44, 2022, 9, 38, 0, 0, 0, 530, 7094, 100, '2022-09-06 23:11:18', '2022-09-11 01:14:49'),
(45, 2022, 9, 39, 0, 0, 0, 3453, 6719, 100, '2022-09-06 23:11:18', '2022-09-11 01:14:49'),
(46, 2022, 9, 40, 0, 0, 0, 1982, 7500, 100, '2022-09-06 23:11:18', '2022-09-11 01:14:49'),
(47, 2022, 9, 41, 0, 0, 0, 1606, 3479, 100, '2022-09-06 23:11:18', '2022-09-11 01:14:49'),
(48, 2022, 9, 42, 0, 0, 0, 256, 1466, 100, '2022-09-06 23:11:18', '2022-09-11 01:14:49'),
(49, 2022, 9, 43, 0, 0, 0, 536, 7708, 100, '2022-09-06 23:11:18', '2022-09-11 01:14:49'),
(50, 2022, 9, 44, 0, 0, 0, 182, 829, 100, '2022-09-06 23:11:18', '2022-09-11 01:14:49'),
(51, 2022, 9, 45, 0, 0, 0, 95, 4441, 100, '2022-09-06 23:11:18', '2022-09-11 01:14:49'),
(52, 2022, 9, 46, 0, 0, 0, 696, 3970, 100, '2022-09-06 23:11:18', '2022-09-11 01:14:49'),
(53, 2022, 9, 47, 0, 0, 0, 1328, 2375, 100, '2022-09-06 23:11:18', '2022-09-11 01:14:49'),
(54, 2022, 9, 48, 0, 0, 0, 1469, 4246, 100, '2022-09-06 23:11:18', '2022-09-11 01:14:49'),
(55, 2022, 9, 49, 0, 0, 0, 1475, 4514, 100, '2022-09-06 23:11:18', '2022-09-11 01:14:49'),
(56, 2022, 9, 50, 0, 0, 0, 1377, 6371, 100, '2022-09-06 23:11:18', '2022-09-11 01:14:49'),
(57, 2022, 9, 51, 0, 0, 0, 1411, 4409, 100, '2022-09-06 23:11:18', '2022-09-11 01:14:49'),
(58, 2022, 9, 52, 0, 0, 0, 1636, 3873, 100, '2022-09-06 23:11:18', '2022-09-11 01:14:49'),
(59, 2022, 9, 53, 0, 0, 0, 1791, 2629, 100, '2022-09-06 23:11:18', '2022-09-11 01:14:49'),
(60, 2022, 9, 54, 0, 0, 0, 2302, 2887, 100, '2022-09-06 23:11:18', '2022-09-11 01:14:49'),
(61, 2022, 9, 55, 0, 0, 0, 2068, 5373, 100, '2022-09-06 23:11:18', '2022-09-11 01:14:49'),
(62, 2022, 9, 56, 0, 0, 0, 941, 2589, 100, '2022-09-06 23:11:18', '2022-09-11 01:14:49'),
(63, 2022, 9, 57, 0, 0, 0, 2300, 5398, 100, '2022-09-06 23:11:18', '2022-09-11 01:14:49'),
(64, 2022, 9, 58, 0, 0, 0, 1220, 6310, 100, '2022-09-06 23:11:18', '2022-09-11 01:14:49'),
(65, 2022, 9, 59, 0, 0, 0, 605, 5783, 100, '2022-09-06 23:11:18', '2022-09-11 01:14:49'),
(66, 2022, 9, 60, 0, 0, 0, 2922, 5997, 100, '2022-09-06 23:11:18', '2022-09-11 01:14:49'),
(67, 2022, 9, 61, 0, 0, 0, 1113, 3087, 100, '2022-09-06 23:11:18', '2022-09-11 01:14:49'),
(68, 2022, 9, 62, 0, 0, 0, 1978, 4830, 100, '2022-09-06 23:11:18', '2022-09-11 01:14:49'),
(69, 2022, 9, 63, 0, 0, 0, 1613, 3264, 100, '2022-09-06 23:11:18', '2022-09-11 01:14:49'),
(70, 2022, 9, 64, 0, 0, 0, 2039, 4263, 100, '2022-09-06 23:11:18', '2022-09-11 01:14:49'),
(71, 2022, 9, 65, 0, 0, 0, 1021, 6096, 100, '2022-09-06 23:11:18', '2022-09-11 01:14:49'),
(72, 2022, 9, 66, 0, 0, 0, 1280, 3891, 100, '2022-09-06 23:11:18', '2022-09-11 01:14:49'),
(73, 2022, 9, 67, 0, 0, 0, 1085, 3443, 100, '2022-09-06 23:11:18', '2022-09-11 01:14:49'),
(74, 2022, 9, 68, 0, 0, 0, 1100, 3352, 100, '2022-09-06 23:11:18', '2022-09-11 01:14:49'),
(75, 2022, 9, 69, 0, 0, 0, 966, 2177, 100, '2022-09-06 23:11:18', '2022-09-11 01:14:49'),
(76, 2022, 9, 70, 0, 0, 0, 568, 4918, 100, '2022-09-06 23:11:18', '2022-09-11 01:14:49'),
(77, 2022, 9, 71, 0, 0, 0, 990, 2886, 100, '2022-09-06 23:11:18', '2022-09-11 01:14:49'),
(78, 2022, 9, 72, 0, 0, 0, 783, 3062, 100, '2022-09-06 23:11:18', '2022-09-11 01:14:49'),
(79, 2022, 9, 73, 0, 0, 0, 3433, 5730, 100, '2022-09-06 23:11:18', '2022-09-11 01:14:49'),
(80, 2022, 9, 74, 0, 0, 0, 5374, 7618, 100, '2022-09-06 23:11:18', '2022-09-11 01:14:49'),
(81, 2022, 9, 75, 0, 0, 0, 3834, 5163, 100, '2022-09-06 23:11:18', '2022-09-11 01:14:49'),
(82, 2022, 9, 76, 0, 0, 0, 3840, 3840, 100, '2022-09-06 23:11:18', '2022-09-11 01:14:49'),
(83, 2022, 9, 77, 0, 0, 0, 4411, 7217, 100, '2022-09-06 23:11:18', '2022-09-11 01:14:49'),
(84, 2022, 9, 78, 0, 0, 0, 4570, 7233, 100, '2022-09-06 23:11:18', '2022-09-11 01:14:49'),
(85, 2022, 9, 79, 0, 0, 0, 1258, 7745, 100, '2022-09-06 23:11:18', '2022-09-11 01:14:49'),
(86, 2022, 9, 80, 0, 0, 0, 1784, 5863, 100, '2022-09-06 23:11:18', '2022-09-11 01:14:49'),
(87, 2022, 9, 81, 0, 0, 0, 2752, 6605, 100, '2022-09-06 23:11:18', '2022-09-11 01:14:49'),
(88, 2022, 9, 82, 0, 0, 0, 1557, 2995, 100, '2022-09-06 23:11:18', '2022-09-11 01:14:49'),
(89, 2022, 9, 83, 0, 0, 0, 2319, 6023, 100, '2022-09-06 23:11:18', '2022-09-11 01:14:49'),
(90, 2022, 9, 84, 0, 0, 0, 2410, 6791, 100, '2022-09-06 23:11:18', '2022-09-11 01:14:49'),
(91, 2022, 9, 85, 0, 0, 0, 1827, 3166, 100, '2022-09-06 23:11:18', '2022-09-11 01:14:49'),
(92, 2022, 9, 86, 0, 0, 0, 1458, 2826, 100, '2022-09-06 23:11:18', '2022-09-11 01:14:49'),
(93, 2022, 9, 87, 0, 0, 0, 2611, 8997, 100, '2022-09-06 23:11:18', '2022-09-11 01:14:49'),
(94, 2022, 9, 88, 0, 0, 0, 1036, 4345, 100, '2022-09-06 23:11:18', '2022-09-11 01:14:49'),
(95, 2022, 9, 89, 0, 0, 0, 2620, 6646, 100, '2022-09-06 23:11:18', '2022-09-11 01:14:49'),
(96, 2022, 9, 90, 0, 0, 0, 2387, 5673, 100, '2022-09-06 23:11:18', '2022-09-11 01:14:49'),
(97, 2022, 9, 91, 0, 0, 0, 4249, 12453, 100, '2022-09-06 23:11:18', '2022-09-11 01:14:49'),
(98, 2022, 9, 92, 0, 0, 0, 1170, 4223, 100, '2022-09-06 23:11:18', '2022-09-11 01:14:49'),
(99, 2022, 9, 93, 0, 0, 0, 1642, 6945, 100, '2022-09-06 23:11:18', '2022-09-11 01:14:49'),
(100, 2022, 9, 94, 0, 0, 0, 1897, 7759, 100, '2022-09-06 23:11:18', '2022-09-11 01:14:49'),
(101, 2022, 9, 95, 0, 0, 0, 698, 3980, 100, '2022-09-06 23:11:18', '2022-09-11 01:14:49'),
(102, 2022, 9, 96, 0, 0, 0, 790, 3418, 100, '2022-09-06 23:11:18', '2022-09-11 01:14:49'),
(103, 2022, 9, 97, 0, 0, 0, 290, 2818, 100, '2022-09-06 23:11:18', '2022-09-11 01:14:49'),
(104, 2022, 9, 98, 0, 0, 0, 410, 2608, 100, '2022-09-06 23:11:18', '2022-09-11 01:14:49'),
(105, 2022, 9, 99, 0, 0, 0, 1457, 4212, 100, '2022-09-06 23:11:18', '2022-09-11 01:14:49'),
(106, 2022, 9, 100, 0, 0, 0, 1492, 5305, 100, '2022-09-06 23:11:18', '2022-09-11 01:14:49'),
(107, 2022, 9, 101, 0, 0, 0, 1060, 3146, 100, '2022-09-06 23:11:18', '2022-09-11 01:14:49'),
(108, 2022, 9, 102, 0, 0, 0, 2136, 10180, 100, '2022-09-06 23:11:18', '2022-09-11 01:14:49'),
(109, 2022, 9, 103, 0, 0, 0, 802, 2123, 100, '2022-09-06 23:11:18', '2022-09-11 01:14:49'),
(110, 2022, 9, 104, 0, 0, 0, 1268, 3457, 100, '2022-09-06 23:11:18', '2022-09-11 01:14:49'),
(111, 2022, 9, 105, 0, 0, 0, 982, 4018, 100, '2022-09-06 23:11:18', '2022-09-11 01:14:49'),
(112, 2022, 9, 106, 0, 0, 0, 240, 2759, 100, '2022-09-06 23:11:18', '2022-09-11 01:14:49'),
(113, 2022, 9, 107, 0, 0, 0, 2430, 3461, 100, '2022-09-06 23:11:18', '2022-09-11 01:14:49'),
(114, 2022, 9, 108, 0, 0, 0, 4407, 7703, 100, '2022-09-06 23:11:18', '2022-09-11 01:14:49'),
(115, 2022, 9, 109, 0, 0, 0, 4878, 8103, 100, '2022-09-06 23:11:18', '2022-09-11 01:14:49'),
(116, 2022, 9, 110, 0, 0, 0, 4057, 6023, 100, '2022-09-06 23:11:18', '2022-09-11 01:14:49'),
(117, 2022, 9, 111, 0, 0, 0, 3429, 6362, 100, '2022-09-06 23:11:18', '2022-09-11 01:14:49'),
(118, 2022, 9, 112, 0, 0, 0, 558, 2598, 100, '2022-09-06 23:11:18', '2022-09-11 01:14:49'),
(119, 2022, 9, 113, 0, 0, 0, 2280, 3487, 100, '2022-09-06 23:11:18', '2022-09-11 01:14:49'),
(120, 2022, 9, 114, 0, 0, 0, 3118, 7084, 100, '2022-09-06 23:11:18', '2022-09-11 01:14:49'),
(121, 2022, 9, 115, 0, 0, 0, 8120, 8120, 100, '2022-09-06 23:11:18', '2022-09-11 01:14:49'),
(122, 2022, 9, 116, 0, 0, 0, 8048, 12728, 100, '2022-09-06 23:11:18', '2022-09-11 01:14:49'),
(123, 2022, 9, 117, 0, 0, 0, 6571, 9062, 100, '2022-09-06 23:11:18', '2022-09-11 01:14:49'),
(124, 2022, 9, 118, 0, 0, 0, 1954, 2940, 100, '2022-09-06 23:11:18', '2022-09-11 01:14:49'),
(125, 2022, 9, 119, 0, 0, 0, 3971, 7741, 100, '2022-09-06 23:11:18', '2022-09-11 01:14:49'),
(126, 2022, 9, 120, 0, 0, 0, 1886, 5989, 100, '2022-09-06 23:11:18', '2022-09-11 01:14:49'),
(127, 2022, 9, 121, 0, 0, 0, 4654, 7365, 100, '2022-09-06 23:11:18', '2022-09-11 01:14:49'),
(128, 2022, 9, 122, 0, 0, 0, 2206, 5936, 100, '2022-09-06 23:11:18', '2022-09-11 01:14:49'),
(129, 2022, 9, 123, 0, 0, 0, 3262, 6982, 100, '2022-09-06 23:11:18', '2022-09-11 01:14:49'),
(130, 2022, 9, 124, 0, 0, 0, 1714, 3836, 100, '2022-09-06 23:11:18', '2022-09-11 01:14:49'),
(131, 2022, 9, 125, 0, 0, 0, 2914, 7677, 100, '2022-09-06 23:11:18', '2022-09-11 01:14:49'),
(132, 2022, 9, 126, 0, 0, 0, 3061, 6172, 100, '2022-09-06 23:11:18', '2022-09-11 01:14:49'),
(133, 2022, 9, 127, 0, 0, 0, 2996, 6934, 100, '2022-09-06 23:11:18', '2022-09-11 01:14:49'),
(134, 2022, 9, 128, 0, 0, 0, 3910, 7190, 100, '2022-09-06 23:11:18', '2022-09-11 01:14:49'),
(135, 2022, 9, 129, 0, 0, 0, 1880, 4939, 100, '2022-09-06 23:11:18', '2022-09-11 01:14:49'),
(136, 2022, 9, 130, 0, 0, 0, 1130, 4439, 100, '2022-09-06 23:11:18', '2022-09-11 01:14:49'),
(137, 2022, 9, 131, 0, 0, 0, 2662, 5312, 100, '2022-09-06 23:11:18', '2022-09-11 01:14:49'),
(138, 2022, 9, 132, 0, 0, 0, 1961, 5367, 100, '2022-09-06 23:11:18', '2022-09-11 01:14:49'),
(139, 2022, 9, 133, 0, 0, 0, 2761, 5339, 100, '2022-09-06 23:11:18', '2022-09-11 01:14:49'),
(140, 2022, 9, 134, 0, 0, 0, 2184, 5511, 100, '2022-09-06 23:11:18', '2022-09-11 01:14:49'),
(141, 2022, 9, 135, 0, 0, 0, 2527, 6424, 100, '2022-09-06 23:11:18', '2022-09-11 01:14:49'),
(142, 2022, 9, 136, 0, 0, 0, 639, 1306, 100, '2022-09-06 23:11:18', '2022-09-11 01:14:49'),
(143, 2022, 9, 137, 0, 0, 0, 3358, 6790, 100, '2022-09-06 23:11:18', '2022-09-11 01:14:49'),
(144, 2022, 9, 138, 0, 0, 0, 1389, 3324, 100, '2022-09-06 23:11:18', '2022-09-11 01:14:49'),
(145, 2022, 9, 139, 0, 0, 0, 997, 1445, 100, '2022-09-06 23:11:18', '2022-09-11 01:14:49'),
(146, 2022, 9, 140, 0, 0, 0, 1457, 4267, 100, '2022-09-06 23:11:18', '2022-09-11 01:14:49'),
(147, 2022, 9, 141, 0, 0, 0, 3309, 4769, 100, '2022-09-06 23:11:18', '2022-09-11 01:14:49'),
(148, 2022, 9, 142, 0, 0, 0, 463, 1119, 100, '2022-09-06 23:11:18', '2022-09-11 01:14:49'),
(149, 2022, 9, 143, 0, 0, 0, 1116, 2325, 100, '2022-09-06 23:11:18', '2022-09-11 01:14:49'),
(150, 2022, 9, 144, 0, 0, 0, 1232, 1906, 100, '2022-09-06 23:11:18', '2022-09-11 01:14:49'),
(151, 2022, 9, 145, 0, 0, 0, 1350, 2157, 100, '2022-09-06 23:11:18', '2022-09-11 01:14:49'),
(152, 2022, 9, 146, 0, 0, 0, 1117, 1793, 100, '2022-09-06 23:11:18', '2022-09-11 01:14:49'),
(153, 2022, 9, 147, 0, 0, 0, 1277, 2339, 100, '2022-09-06 23:11:18', '2022-09-11 01:14:49'),
(154, 2022, 9, 148, 0, 0, 0, 4383, 8415, 100, '2022-09-06 23:11:18', '2022-09-11 01:14:49'),
(155, 2022, 9, 149, 0, 0, 0, 3486, 5874, 100, '2022-09-06 23:11:18', '2022-09-11 01:14:49'),
(156, 2022, 9, 150, 0, 0, 0, 2113, 4117, 100, '2022-09-06 23:11:18', '2022-09-11 01:14:49'),
(157, 2022, 9, 151, 0, 0, 0, 2741, 4669, 100, '2022-09-06 23:11:18', '2022-09-06 23:11:18');

-- --------------------------------------------------------

--
-- Table structure for table `users`
--

CREATE TABLE `users` (
  `id` bigint(20) UNSIGNED NOT NULL,
  `name` varchar(255) COLLATE utf8mb4_unicode_ci NOT NULL,
  `email` varchar(255) COLLATE utf8mb4_unicode_ci NOT NULL,
  `email_verified_at` timestamp NULL DEFAULT NULL,
  `password` varchar(255) COLLATE utf8mb4_unicode_ci NOT NULL,
  `created_at` timestamp NULL DEFAULT NULL,
  `updated_at` timestamp NULL DEFAULT NULL
) ENGINE=InnoDB DEFAULT CHARSET=utf8mb4 COLLATE=utf8mb4_unicode_ci;

--
-- Indexes for dumped tables
--

--
-- Indexes for table `failed_jobs`
--
ALTER TABLE `failed_jobs`
  ADD PRIMARY KEY (`id`),
  ADD UNIQUE KEY `failed_jobs_uuid_unique` (`uuid`);

--
-- Indexes for table `master_kecamatan`
--
ALTER TABLE `master_kecamatan`
  ADD PRIMARY KEY (`id`),
  ADD UNIQUE KEY `master_kecamatan_kode_bps_unique` (`kode_bps`),
  ADD UNIQUE KEY `master_kecamatan_kode_kemendagri_unique` (`kode_kemendagri`);

--
-- Indexes for table `master_kelurahan`
--
ALTER TABLE `master_kelurahan`
  ADD PRIMARY KEY (`id`),
  ADD UNIQUE KEY `master_kelurahan_kode_bps_unique` (`kode_bps`),
  ADD UNIQUE KEY `master_kelurahan_kode_kemendagri_unique` (`kode_kemendagri`),
  ADD KEY `master_kelurahan_kecamatan_foreign` (`kecamatan`),
  ADD KEY `master_kelurahan_puskesmas_foreign` (`puskesmas`);

--
-- Indexes for table `master_puskesmas`
--
ALTER TABLE `master_puskesmas`
  ADD PRIMARY KEY (`id`),
  ADD KEY `master_puskesmas_kecamatan_foreign` (`kecamatan`);

--
-- Indexes for table `migrations`
--
ALTER TABLE `migrations`
  ADD PRIMARY KEY (`id`);

--
-- Indexes for table `opd_diskominfo`
--
ALTER TABLE `opd_diskominfo`
  ADD PRIMARY KEY (`id`),
  ADD KEY `opd_diskominfo_kelurahan_foreign` (`kelurahan`);

--
-- Indexes for table `opd_dkpp`
--
ALTER TABLE `opd_dkpp`
  ADD PRIMARY KEY (`id`),
  ADD KEY `opd_dkpp_kelurahan_foreign` (`kelurahan`);

--
-- Indexes for table `opd_dpkp`
--
ALTER TABLE `opd_dpkp`
  ADD PRIMARY KEY (`id`),
  ADD KEY `opd_dpkp_kelurahan_foreign` (`kelurahan`);

--
-- Indexes for table `users`
--
ALTER TABLE `users`
  ADD PRIMARY KEY (`id`),
  ADD UNIQUE KEY `users_email_unique` (`email`);

--
-- AUTO_INCREMENT for dumped tables
--

--
-- AUTO_INCREMENT for table `failed_jobs`
--
ALTER TABLE `failed_jobs`
  MODIFY `id` bigint(20) UNSIGNED NOT NULL AUTO_INCREMENT;

--
-- AUTO_INCREMENT for table `master_kecamatan`
--
ALTER TABLE `master_kecamatan`
  MODIFY `id` bigint(20) UNSIGNED NOT NULL AUTO_INCREMENT, AUTO_INCREMENT=31;

--
-- AUTO_INCREMENT for table `master_kelurahan`
--
ALTER TABLE `master_kelurahan`
  MODIFY `id` bigint(20) UNSIGNED NOT NULL AUTO_INCREMENT, AUTO_INCREMENT=152;

--
-- AUTO_INCREMENT for table `master_puskesmas`
--
ALTER TABLE `master_puskesmas`
  MODIFY `id` bigint(20) UNSIGNED NOT NULL AUTO_INCREMENT, AUTO_INCREMENT=79;

--
-- AUTO_INCREMENT for table `migrations`
--
ALTER TABLE `migrations`
  MODIFY `id` int(10) UNSIGNED NOT NULL AUTO_INCREMENT, AUTO_INCREMENT=21;

--
-- AUTO_INCREMENT for table `opd_diskominfo`
--
ALTER TABLE `opd_diskominfo`
  MODIFY `id` bigint(20) UNSIGNED NOT NULL AUTO_INCREMENT;

--
-- AUTO_INCREMENT for table `opd_dkpp`
--
ALTER TABLE `opd_dkpp`
  MODIFY `id` bigint(20) UNSIGNED NOT NULL AUTO_INCREMENT, AUTO_INCREMENT=791;

--
-- AUTO_INCREMENT for table `opd_dpkp`
--
ALTER TABLE `opd_dpkp`
  MODIFY `id` bigint(20) UNSIGNED NOT NULL AUTO_INCREMENT, AUTO_INCREMENT=158;

--
-- AUTO_INCREMENT for table `users`
--
ALTER TABLE `users`
  MODIFY `id` bigint(20) UNSIGNED NOT NULL AUTO_INCREMENT;

--
-- Constraints for dumped tables
--

--
-- Constraints for table `master_kelurahan`
--
ALTER TABLE `master_kelurahan`
  ADD CONSTRAINT `master_kelurahan_kecamatan_foreign` FOREIGN KEY (`kecamatan`) REFERENCES `master_kecamatan` (`id`) ON UPDATE CASCADE,
  ADD CONSTRAINT `master_kelurahan_puskesmas_foreign` FOREIGN KEY (`puskesmas`) REFERENCES `master_puskesmas` (`id`) ON UPDATE CASCADE;

--
-- Constraints for table `master_puskesmas`
--
ALTER TABLE `master_puskesmas`
  ADD CONSTRAINT `master_puskesmas_kecamatan_foreign` FOREIGN KEY (`kecamatan`) REFERENCES `master_kecamatan` (`id`) ON UPDATE CASCADE;

--
-- Constraints for table `opd_diskominfo`
--
ALTER TABLE `opd_diskominfo`
  ADD CONSTRAINT `opd_diskominfo_kelurahan_foreign` FOREIGN KEY (`kelurahan`) REFERENCES `master_kelurahan` (`id`) ON UPDATE CASCADE;

--
-- Constraints for table `opd_dkpp`
--
ALTER TABLE `opd_dkpp`
  ADD CONSTRAINT `opd_dkpp_kelurahan_foreign` FOREIGN KEY (`kelurahan`) REFERENCES `master_kelurahan` (`id`) ON UPDATE CASCADE;

--
-- Constraints for table `opd_dpkp`
--
ALTER TABLE `opd_dpkp`
  ADD CONSTRAINT `opd_dpkp_kelurahan_foreign` FOREIGN KEY (`kelurahan`) REFERENCES `master_kelurahan` (`id`) ON UPDATE CASCADE;
COMMIT;

/*!40101 SET CHARACTER_SET_CLIENT=@OLD_CHARACTER_SET_CLIENT */;
/*!40101 SET CHARACTER_SET_RESULTS=@OLD_CHARACTER_SET_RESULTS */;
/*!40101 SET COLLATION_CONNECTION=@OLD_COLLATION_CONNECTION */;
